{"cameraMode":{"drawMode":0,"name":"Shaded","section":"Shading Mode"},"sceneLighting":false,"audioPlay":false,"sceneViewState":{"m_AlwaysRefresh":false,"showFog":true,"showSkybox":false,"showFlares":true,"showImageEffects":true,"showParticleSystems":true,"showVisualEffectGraphs":true,"m_FxEnabled":true},"in2DMode":false,"pivot":{"x":-0.6502337455749512,"y":0.5862522125244141,"z":0.989995002746582},"rotation":{"x":0.28180602192878725,"y":0.46702706813812258,"z":-0.15996861457824708,"w":0.8227323889732361},"size":10.37436294555664,"orthographic":true}