{"cameraMode":{"drawMode":0,"name":"Shaded","section":"Shading Mode"},"sceneLighting":true,"audioPlay":false,"sceneViewState":{"m_AlwaysRefresh":false,"showFog":true,"showSkybox":true,"showFlares":true,"showImageEffects":true,"showParticleSystems":true,"showVisualEffectGraphs":true,"m_FxEnabled":true},"in2DMode":false,"pivot":{"x":3.4639697074890138,"y":-1.4364246129989625,"z":12.503243446350098},"rotation":{"x":0.24863499402999879,"y":0.5104472637176514,"z":-0.15706197917461396,"w":0.8080620765686035},"size":17.30316925048828,"orthographic":true}