{"cameraMode":{"drawMode":0,"name":"Shaded","section":"Shading Mode"},"sceneLighting":true,"audioPlay":false,"sceneViewState":{"m_AlwaysRefresh":false,"showFog":true,"showSkybox":true,"showFlares":true,"showImageEffects":true,"showParticleSystems":true,"showVisualEffectGraphs":true,"m_FxEnabled":true},"in2DMode":false,"pivot":{"x":3.725496292114258,"y":5.533596992492676,"z":5.674777030944824},"rotation":{"x":0.2043413370847702,"y":-0.008516568690538407,"z":0.001777517725713551,"w":0.9788646697998047},"size":9.756736755371094,"orthographic":true}