{"cameraMode":{"drawMode":0,"name":"Shaded","section":"Shading Mode"},"sceneLighting":false,"audioPlay":false,"sceneViewState":{"m_AlwaysRefresh":false,"showFog":true,"showSkybox":false,"showFlares":true,"showImageEffects":true,"showParticleSystems":true,"showVisualEffectGraphs":true,"m_FxEnabled":true},"in2DMode":false,"pivot":{"x":1.7881393432617188e-7,"y":1.2173445224761963,"z":-0.0738823413848877},"rotation":{"x":0.025242900475859643,"y":0.9167639017105103,"z":-0.05866699293255806,"w":0.3943215608596802},"size":1.9156256914138795,"orthographic":false}