{"cameraMode":{"drawMode":0,"name":"Shaded","section":"Shading Mode"},"sceneLighting":true,"audioPlay":false,"sceneViewState":{"m_AlwaysRefresh":false,"showFog":true,"showSkybox":false,"showFlares":true,"showImageEffects":true,"showParticleSystems":true,"showVisualEffectGraphs":true,"m_FxEnabled":true},"in2DMode":false,"pivot":{"x":0.06319442391395569,"y":2.759999990463257,"z":1.8180441856384278},"rotation":{"x":0.2263234704732895,"y":0.36596789956092837,"z":-0.09223855286836624,"w":0.8979650139808655},"size":0.3473111689090729,"orthographic":true}