{"cameraMode":{"drawMode":0,"name":"Shaded","section":"Shading Mode"},"sceneLighting":true,"audioPlay":false,"sceneViewState":{"m_AlwaysRefresh":false,"showFog":true,"showSkybox":false,"showFlares":true,"showImageEffects":true,"showParticleSystems":true,"showVisualEffectGraphs":true,"m_FxEnabled":true},"in2DMode":false,"pivot":{"x":0.06319442391395569,"y":2.759999990463257,"z":1.8180441856384278},"rotation":{"x":0.23002539575099946,"y":0.4243839681148529,"z":-0.11239610612392426,"w":0.8685405254364014},"size":0.7946133613586426,"orthographic":true}